company,status,reason,date,skip_until
# Imported from 'TWS lead engine — registry 2026-09-25'. Empty skip_until = never offer again.,,,,
Impruvon Health,qualified,pipeline,2026-09-16,
Evio Pharmacy Solutions,qualified,pipeline,2026-09-16,
Hello Alpha,qualified,pipeline,2026-09-16,
Alloy,qualified,pipeline,2026-09-16,
Xella Health,qualified,pipeline,2026-09-16,
Complir,qualified,pipeline,2026-09-16,
byrd,qualified,pipeline,2026-09-16,
Layerise,qualified,pipeline,2026-09-16,
Flowbox,qualified,pipeline,2026-09-16,
Sunhat,qualified,pipeline,2026-09-16,
Joi + Blokes,qualified,pipeline,2026-09-17,
Evernow,qualified,pipeline,2026-09-17,
Ordio,qualified,pipeline,2026-09-17,
Crobox,qualified,pipeline,2026-09-17,
Depict,qualified,pipeline,2026-09-17,
Marek Health,qualified,pipeline,2026-09-17,
DATATRONiQ,qualified,pipeline,2026-09-18,
OneImaging,qualified,pipeline,2026-09-18,
Gather AI,qualified,pipeline,2026-09-18,
MAIA,qualified,pipeline,2026-09-20,
getmaia,qualified,pipeline,2026-09-20,
Recare,qualified,pipeline,2026-09-20,
Kombo,qualified,pipeline,2026-09-20,
Humaans,qualified,pipeline,2026-09-20,
Mysolution,qualified,pipeline,2026-09-20,
Evvy,qualified,pipeline,2026-09-20,
Hint Health,qualified,pipeline,2026-09-20,
eComID,qualified,pipeline,2026-09-20,
Zelt,qualified,pipeline,2026-09-20,
Trustmary,qualified,pipeline,2026-09-20,
Chift,qualified,pipeline,2026-09-21,
Billit,qualified,pipeline,2026-09-21,
3D Spark,qualified,pipeline,2026-09-21,
Aizy,qualified,pipeline,2026-09-21,
Storecove,qualified,pipeline,2026-09-21,
Docuten,qualified,pipeline,2026-09-21,
Conta,qualified,pipeline,2026-09-21,
Bizbrains,qualified,pipeline,2026-09-21,
Creative Force,qualified,pipeline,2026-09-21,
Easy Systems,qualified,pipeline,2026-09-21,
Integral,qualified,pipeline,2026-09-22,
Zero,qualified,pipeline,2026-09-22,
zero.inc,qualified,pipeline,2026-09-22,
Magentic,qualified,pipeline,2026-09-22,
ETFBOOK,qualified,pipeline,2026-09-22,
Resolutiion,qualified,pipeline,2026-09-22,
Fundcraft,qualified,pipeline,2026-09-22,
LawX,qualified,pipeline,2026-09-22,
Calvi,qualified,pipeline,2026-09-22,
Olenbee,qualified,pipeline,2026-09-22,
Omnium,qualified,pipeline,2026-09-22,
Kenjo,qualified,run 20.09,2026-09-20,
CharlieHR,qualified,run 20.09,2026-09-20,
Hailey HR,qualified,run 20.09,2026-09-20,
d.vinci,qualified,run 20.09,2026-09-20,
rexx systems,qualified,run 20.09,2026-09-20,
HoorayHR,qualified,run 20.09,2026-09-20,
Pinpoint,qualified,run 20.09,2026-09-20,
Eurécia,qualified,run 20.09,2026-09-20,
JOIN,qualified,run 20.09,2026-09-20,
Coveto,qualified,run 20.09,2026-09-20,
Heyrecruit,qualified,run 20.09,2026-09-20,
Talention,qualified,run 20.09,2026-09-20,
Perbility Helix,qualified,run 20.09,2026-09-20,
HR4YOU,qualified,run 20.09,2026-09-20,
GuideCom,qualified,run 20.09,2026-09-20,
HR WORKS,qualified,run 20.09,2026-09-20,
Compleet,qualified,run 20.09,2026-09-20,
HeavenHR,qualified,run 20.09,2026-09-20,
Taleez,qualified,run 20.09,2026-09-20,
BoondManager,qualified,run 20.09,2026-09-20,
Nibelis,qualified,run 20.09,2026-09-20,
Talent Clue,qualified,run 20.09,2026-09-20,
Spott,qualified,run 20.09,2026-09-20,
Jobylon,qualified,run 20.09,2026-09-20,
TalentAdore,qualified,run 20.09,2026-09-20,
Eploy,qualified,run 20.09,2026-09-20,
TrackerRMS,qualified,run 20.09,2026-09-20,
Tandem Health,qualified,run 20.09,2026-09-20,
Moxie,qualified,run 20.09,2026-09-20,
Creyos,qualified,run 20.09,2026-09-20,
Plytix,qualified,run 20.09,2026-09-20,
Custobar,qualified,run 20.09,2026-09-20,
Brink Commerce,qualified,run 20.09,2026-09-20,
Alumio,qualified,run 20.09,2026-09-20,
Emporix,qualified,run 20.09,2026-09-20,
Commerce Layer,qualified,run 20.09,2026-09-20,
Actindo,qualified,run 20.09,2026-09-20,
Bluestone PIM,qualified,run 20.09,2026-09-20,
Pimcore,qualified,run 20.09,2026-09-20,
Sitoo,qualified,run 20.09,2026-09-20,
Publitas,qualified,run 20.09,2026-09-20,
Zakeke,qualified,run 20.09,2026-09-20,
Enactor,qualified,run 20.09,2026-09-20,
Scaleflex,qualified,run 20.09,2026-09-20,
Share,qualified,run 20.09,2026-09-20,
share.inc,qualified,run 20.09,2026-09-20,
The Key Support Services,qualified,run 20.09,2026-09-20,
Rechat,qualified,run 20.09,2026-09-20,
concludis,killed,Perbility brand,2026-09-20,
Cezanne HR,killed,G2,2026-09-20,
Pimberly,killed,G2,2026-09-20,
easybill,killed,G2,2026-09-20,
Carerix,killed,G2,2026-09-20,
Officient,killed,G2,2026-09-20,
Homerun,killed,G2,2026-09-20,
softgarden,killed,G2,2026-09-20,
absence.io,killed,G2,2026-09-20,
Recruitee,killed,G2,2026-09-20,
Sympa,killed,G2,2026-09-20,
Javelo,killed,G2,2026-09-20,
kiwiHR,killed,G2,2026-09-20,
Tellent,killed,G2,2026-09-20,
ReachMee,killed,G2,2026-09-20,
Emply,killed,G2,2026-09-20,
Grade,killed,G2,2026-09-20,
Ontame,killed,G2,2026-09-20,
Weekli,killed,G2,2026-09-20,
Talentech,killed,G2,2026-09-20,
Nmbrs,killed,G2,2026-09-20,
Loket,killed,G2,2026-09-20,
Raet,killed,G2,2026-09-20,
Visma People,killed,G2,2026-09-20,
Planday,killed,G2,2026-09-20,
Breathe HR,killed,G2,2026-09-20,
onlyfy,killed,G2,2026-09-20,
InRecruiting,killed,G2,2026-09-20,
TalentSoft,killed,G2,2026-09-20,
DigitalRecruiters,killed,G2,2026-09-20,
Skello,killed,G2,2026-09-20,
OTYS,killed,G2,2026-09-20,
a3innuva,killed,G2,2026-09-20,
PeopleHR,killed,G2,2026-09-20,
Marosa,killed,G2,2026-09-20,
Cevinio,killed,G2,2026-09-20,
Digiteal,killed,G2,2026-09-20,
Crediflow,killed,G2,2026-09-20,
Patchworks,killed,G2,2026-09-20,
Contents,killed,G2,2026-09-20,
Sesame HR,killed,G2,2026-09-20,2027-09-20
OneStock,killed,G2,2026-09-20,2027-09-20
TRAFFIT,killed,G3,2026-09-20,
eRecruiter,killed,G3,2026-09-20,
RECRU,killed,G3,2026-09-20,
HubBroker,killed,G3,2026-09-20,
Mondo,killed,G3,2026-09-20,
B2Spin,killed,G3,2026-09-20,
Voucherify,killed,G3,2026-09-20,
xpate,killed,G3,2026-09-20,
faktoora,killed,G4,2026-09-20,
codefortynine,killed,G1,2026-09-20,
Deepslate,killed,G1,2026-09-20,
beyonnex.io,killed,kill list / product / language,2026-09-20,
Jiga,killed,kill list / product / language,2026-09-20,
Escape Technologies,killed,kill list / product / language,2026-09-20,
Limetax,killed,kill list / product / language,2026-09-20,
Getint,killed,kill list / product / language,2026-09-20,
Nango,killed,kill list / product / language,2026-09-20,
Mochi,killed,kill list / product / language,2026-09-20,
SiPhox,killed,kill list / product / language,2026-09-20,
Kittl,killed,kill list / product / language,2026-09-20,
Xealth,killed,kill list / product / language,2026-09-20,
Langfuse,killed,kill list / product / language,2026-09-20,
tamigo,killed,kill list / product / language,2026-09-20,
Abacus Insights,killed,kill list / product / language,2026-09-20,
DexCare,killed,kill list / product / language,2026-09-20,
Oshi Health,killed,kill list / product / language,2026-09-20,
PraxisEins,killed,kill list / product / language,2026-09-20,
Cloudprinter,killed,kill list / product / language,2026-09-20,
Ingrid,killed,kill list / product / language,2026-09-20,
Digitail,killed,kill list / product / language,2026-09-20,
Verda,killed,kill list / product / language,2026-09-20,
Mithril,killed,kill list / product / language,2026-09-20,
Flatpay,killed,kill list / product / language,2026-09-20,
Maximus,killed,kill list / product / language,2026-09-20,
Hoxhunt,killed,kill list / product / language,2026-09-20,
Axonaut,killed,kill list / product / language,2026-09-20,
Avelios,killed,kill list / product / language,2026-09-20,
Lifen,killed,kill list / product / language,2026-09-20,
Peec AI,killed,on-site,2026-09-20,2027-03-20
Clera,killed,on-site,2026-09-20,2027-03-20
Hook,killed,on-site,2026-09-20,2027-03-20
Seven Red Lines,killed,on-site,2026-09-20,2027-03-20
Blackfluo.ai,killed,too small,2026-09-20,2027-09-20
Talon.One,killed,G5,2026-09-20,
Storyblok,killed,G5,2026-09-20,
inriver,killed,G5,2026-09-20,
Grafana Labs,killed,G5,2026-09-20,
Supabase,killed,G5,2026-09-20,
n8n,killed,G5,2026-09-20,
Broadcom,killed,G5,2026-09-20,
Akamai,killed,G5,2026-09-20,
Commit,killed,G0,2026-09-20,
Creatio,killed,G0,2026-09-20,
MWDN,killed,G0,2026-09-20,
Software Mind,killed,G0,2026-09-20,
Apriorit,killed,G0,2026-09-20,
Miratech,killed,G0,2026-09-20,
Capgemini,killed,G0,2026-09-20,
Metris Energy,qualified,run 23.09,2026-09-23,
GenHealth.ai,qualified,run 23.09,2026-09-23,
Picqer,killed,G1,2026-09-23,
Flexmail,killed,G2/language/stack,2026-09-23,2027-09-23
Moneybird,killed,G2/language/stack,2026-09-23,2027-09-23
e-Boekhouden.nl,killed,G2/language/stack,2026-09-23,2027-09-23
Invopop,killed,G2/language/stack,2026-09-23,2027-09-23
Biorsaf,qualified,"relaxed gates 25.09, CSV 2026-09-21..25",2026-09-25,
Teamleader,killed,G2/product,2026-09-23,
CatalystOne,killed,G2/product,2026-09-23,
banqUP,killed,G2/product,2026-09-23,
GeoDynamics,killed,G2/product,2026-09-23,
B2Brouter,killed,G2/product,2026-09-23,
Expanse,killed,G2/product,2026-09-23,
Planhat,killed,no trigger/G6/on-site,2026-09-23,2027-03-23
Supply Lens,killed,no trigger/G6/on-site,2026-09-23,2027-03-23
Transalis,qualified,"relaxed gates 25.09, CSV 2026-09-21..25",2026-09-25,
Endra,killed,no trigger/G6/on-site,2026-09-23,2027-03-23
Aligned Marketplace,killed,no trigger/G6/on-site,2026-09-23,2027-03-23
Fasten Health,killed,G5,2026-09-23,2027-09-23
Sprinter Health,killed,G0b,2026-09-23,
Ellipsis Health,killed,G0b,2026-09-23,
Medefy Health,killed,no eng roles,2026-09-23,2027-03-23
Vinyl Health,killed,G5,2026-09-24,2027-03-24
Doctronic,qualified,run 24.09,2026-09-24,
Flagler Health,qualified,run 24.09,2026-09-24,
Curai Health,qualified,run 24.09,2026-09-24,
Yosi Health,killed,G0/G3/G5/product,2026-09-24,
Levels Health,killed,G0/G3/G5/product,2026-09-24,
HealthEx,killed,G0/G3/G5/product,2026-09-24,
Nourish,killed,G0/G3/G5/product,2026-09-24,
Edwin Health,killed,G0/G3/G5/product,2026-09-24,
forgd,killed,G0/G3/G5/product,2026-09-24,
OneDome,killed,G0/G3/G5/product,2026-09-24,
Dokapi,killed,G0/G3/G5/product,2026-09-24,
Empirical Health,killed,G5/G0b/language,2026-09-24,2027-09-24
Novoflow,killed,G5/G0b/language,2026-09-24,2027-09-24
HealthTap,killed,G5/G0b/language,2026-09-24,2027-09-24
CBAM Estimator,qualified,"relaxed gates 25.09, CSV 2026-09-21..25",2026-09-25,
Weflow,killed,G5/G6,2026-09-24,2027-03-24
CostPocket,killed,G5/G6,2026-09-24,2027-03-24
bunch,qualified,run 25.09,2026-09-25,
Cosuno,qualified,run 25.09,2026-09-25,
Kalepa,killed,G1/G2/G3/G5/product,2026-09-25,
Arratech,killed,G1/G2/G3/G5/product,2026-09-25,
LiveKid,killed,G1/G2/G3/G5/product,2026-09-25,
Pistachio,killed,G1/G2/G3/G5/product,2026-09-25,
Reedsy,qualified,"relaxed gates 25.09, CSV 2026-09-21..25",2026-09-25,
ecosio,killed,G1/G2/G3/G5/product,2026-09-25,
Prezly,qualified,"relaxed gates 25.09, CSV 2026-09-21..25",2026-09-25,
RoomPriceGenie,qualified,"relaxed gates 25.09, CSV 2026-09-21..25",2026-09-25,
ELIGO,killed,G1/G2/G3/G5/product,2026-09-25,
Stora,killed,G1/G2/G3/G5/product,2026-09-25,
gertrud digital,killed,G1/G2/G3/G5/product,2026-09-25,
ECOMMERCE ONE,killed,G1/G2/G3/G5/product,2026-09-25,
nSure.ai,killed,G1/G2/G3/G5/product,2026-09-25,
Hospitable.com,killed,G1/G2/G3/G5/product,2026-09-25,
Tempo Software,killed,G1/G2/G3/G5/product,2026-09-25,
vitagroup,killed,G1/G2/G3/G5/product,2026-09-25,
Rhebo,killed,G1/G2/G3/G5/product,2026-09-25,
LocalStack,killed,G1/G2/G3/G5/product,2026-09-25,
Trigger.dev,killed,G1/G2/G3/G5/product,2026-09-25,
Aiphoria,qualified,"relaxed gates 25.09, CSV 2026-09-21..25",2026-09-25,
Acclaim,qualified,"relaxed gates 25.09, CSV 2026-09-21..25",2026-09-25,
Billberry,killed,no trigger/G6/G5,2026-09-25,2027-03-25
B2Bgrid,killed,no trigger/G6/G5,2026-09-25,2027-03-25
CommerceClarity,killed,no trigger/G6/G5,2026-09-25,2027-03-25
node.energy,qualified,"relaxed gates 25.09, CSV 2026-09-21..25",2026-09-25,
Pri0r1ty Intelligence,killed,G5/language,2026-09-25,2027-09-25
Welyk,killed,G5/language,2026-09-25,2027-09-25
Tundr,killed,G5/language,2026-09-25,2027-09-25
Powerprozesse,killed,G5/language,2026-09-25,2027-09-25
HelmGuard,qualified,"relaxed gates 25.09, CSV 2026-09-21..25",2026-09-25,
OpenLoop,qualified,"relaxed gates 25.09, CSV 2026-09-21..25",2026-09-25,
Ledgy,qualified,"relaxed gates 25.09, CSV 2026-09-21..25",2026-09-25,
Flip,qualified,"relaxed gates 25.09, CSV 2026-09-21..25",2026-09-25,
Citizen Health,qualified,"relaxed gates 25.09, CSV 2026-09-21..25",2026-09-25,
Nordhealth,qualified,"relaxed gates 25.09, CSV 2026-09-21..25",2026-09-25,
CloudMargin,qualified,"relaxed gates 25.09, CSV 2026-09-21..25",2026-09-25,
octonomy,qualified,"relaxed gates 25.09, CSV 2026-09-21..25",2026-09-25,
InvestEngine,qualified,"relaxed gates 25.09, CSV 2026-09-21..25",2026-09-25,
Counsel Health,qualified,"relaxed gates 25.09, CSV 2026-09-21..25",2026-09-25,
DigitalGenius,qualified,"relaxed gates 25.09, CSV 2026-09-21..25",2026-09-25,
Lotus Health AI,qualified,"relaxed gates 25.09, CSV 2026-09-21..25",2026-09-25,
Guava Health,qualified,"relaxed gates 25.09, CSV 2026-09-21..25",2026-09-25,
Sync.MD,qualified,"relaxed gates 25.09, CSV 2026-09-21..25",2026-09-25,
xCures,qualified,"relaxed gates 25.09, CSV 2026-09-21..25",2026-09-25,
Corner Health,qualified,"relaxed gates 25.09, CSV 2026-09-21..25",2026-09-25,
Peratera,qualified,"relaxed gates 25.09, CSV 2026-09-21..25",2026-09-25,
Refinery89,qualified,"relaxed gates 25.09, CSV 2026-09-21..25",2026-09-25,
Wordwall,qualified,"relaxed gates 25.09, CSV 2026-09-21..25",2026-09-25,
Salesflare,qualified,"relaxed gates 25.09, CSV 2026-09-21..25",2026-09-25,
TheyDo,qualified,"relaxed gates 25.09, CSV 2026-09-21..25",2026-09-25,
Bryq,qualified,"relaxed gates 25.09, CSV 2026-09-21..25",2026-09-25,
