key,company,status,reason,date
pivotalhealth,Pivotal Health,passed,,2026-09-26
auviknetworks,Auvik Networks Inc,passed,,2026-09-26
stickermule,Sticker Mule,passed,,2026-09-26
evolve,Evolve,passed,,2026-09-26
hightouch,Hightouch,passed,,2026-09-26
aweber,AWeber,passed,,2026-09-26
recaredeutschland,Recare Deutschland GmbH,passed,,2026-09-26
kobotoolbox,KoboToolbox,passed,,2026-09-26
brightvisiontechnologies,Bright Vision Technologies,passed,,2026-09-26
bitso,Bitso,passed,,2026-09-26
bird,Bird,passed,,2026-09-26
sanctuarycomputer,Sanctuary Computer Inc,passed,,2026-09-26
ateam,A.Team,passed,,2026-09-26
bjak,Bjak,passed,,2026-09-26
salescaptain,SalesCaptain,passed,,2026-09-26
genpact,Genpact,passed,,2026-09-26
pledgesunderreview,Pledges Under Review,passed,,2026-09-26
additionalusecase,Additional Use Case,passed,,2026-09-26
pharmaciespharmacysystems,Pharmacies & Pharmacy Systems,passed,,2026-09-26
submityourapp,Submit your app,passed,,2026-09-26
friendoftheecosystem,Friend of the Ecosystem,passed,,2026-09-26
patientfacingapps,Patient Facing Apps,passed,,2026-09-26
providersandtheirdelegatedtechnology,Providers and Their Delegated Technology,passed,,2026-09-26
government,Government,passed,,2026-09-26
patientscaregivers,Patients/Caregivers,passed,,2026-09-26
companypledge,COMPANY PLEDGE,passed,,2026-09-26
electronichealthrecordsehrs,Electronic Health Records (EHRs),passed,,2026-09-26
payersandtheirdelegatedtechnology,Payers and Their Delegated Technology,passed,,2026-09-26
healthtechecosystemcategories,Health Tech Ecosystem Categories,passed,,2026-09-26
pledgedemoshowcase,Pledge Demo Showcase,passed,,2026-09-26
overview,Overview,killed,G3: eng roles in Bengaluru,2026-09-26
amsterdambasedduqu,Amsterdam-based Duqu,killed,no ATS and weak signal,2026-09-26
italysclastix,Italy’s Clastix,killed,no ATS and weak signal,2026-09-26
reykjavkbased50skills,Reykjavík-based 50skills,killed,no ATS and weak signal,2026-09-26
colognebasedmetycle,Cologne-based Metycle,killed,no ATS and weak signal,2026-09-26
stockholmsspiich,Stockholm’s Spiich,killed,no ATS and weak signal,2026-09-26
berlinbasedmika,Berlin-based mika,killed,no ATS and weak signal,2026-09-26
besanonbasedlightspring,Besançon-based Lightspring,killed,no ATS and weak signal,2026-09-26
parisbasedprimo,Paris-based Primo,killed,no ATS and weak signal,2026-09-26
tekever,TEKEVER,killed,no ATS and weak signal,2026-09-26
owowventurestudio,OWOW Venture Studio,killed,no ATS and weak signal,2026-09-26
kontext,Kontext,killed,no ATS and weak signal,2026-09-26
aiplatformreplynext,AI platform Reply Next,killed,no ATS and weak signal,2026-09-26
cruxanalytics,Crux Analytics,killed,no ATS and weak signal,2026-09-26
duqu,Duqu,killed,no ATS and weak signal,2026-09-26
clastix,Clastix,killed,no ATS and weak signal,2026-09-26
dtcp,DTCP,killed,no ATS and weak signal,2026-09-26
50skills,50skills,killed,no ATS and weak signal,2026-09-26
londontraveltechstasher,London traveltech Stasher,killed,no ATS and weak signal,2026-09-26
mitremedia,Mitre Media,killed,G1: stack Ruby,2026-09-26
uniodigital,Unio Digital,killed,G0: staffing/outsourcing wording,2026-09-26
okwhen,OkWhen,killed,G1: stack .NET/C#/Angular,2026-09-26
krugernearshorellcrekluti,Kruger NearShore LLC - Rekluti,killed,G0: staffing/outsourcing wording,2026-09-26
delinea,Delinea,killed,"G5: too big (90 open roles, 36 eng)",2026-09-26
stone,Stone,killed,"G5: too big (402 open roles, 15 eng)",2026-09-26
parser,Parser,killed,G1: stack Java,2026-09-26
zact,Zact,killed,G1: stack Java,2026-09-26
dropbox,Dropbox,killed,G3: eng roles in Poland,2026-09-26
innerai,Inner AI,killed,G1: stack Ruby,2026-09-26
supportninja,SupportNinja,killed,G1: stack .NET/C#,2026-09-26
seamlessassist,Seamless Assist,killed,G3: eng roles in India,2026-09-26
alphasense,AlphaSense,killed,"G3: eng roles in Bengaluru, Delhi, India",2026-09-26
current,Current,killed,G1: stack .NET/C#/Angular/PHP,2026-09-26
natuvion,Natuvion GmbH,killed,language: local language required,2026-09-26
n2jsoft,N2JSoft,killed,G1: stack .NET/C#/Angular,2026-09-26
hexa,Hexa,passed,,2026-09-27
thatch,Thatch,passed,,2026-09-27
powerprozesse,Powerprozesse,passed,,2026-09-27
interoperabilityframework,Interoperability Framework,passed,,2026-09-27
kpisolutions,KPI Solutions,passed,,2026-09-27
arango,Arango,passed,,2026-09-27
harbor,Harbor,passed,,2026-09-27
doitinternational,DoiT International,passed,,2026-09-27
tecclegroup,teccle group GmbH,passed,,2026-09-27
parity,Parity,passed,,2026-09-27
xm,Xm,passed,,2026-09-27
harper,Harper,passed,,2026-09-27
salesforge,Salesforge,passed,,2026-09-27
crystaliaglass,Crystalia Glass LLC,passed,,2026-09-27
sophiesflats,Sophie's Flats Inc,passed,,2026-09-27
mdotm,MDOTM,passed,,2026-09-27
ethereumcommunityfund,Ethereum Community Fund,passed,,2026-09-27
infoplustechnologies,Infoplus Technologies,passed,,2026-09-27
contabo,Contabo,passed,,2026-09-27
prenosis,Prenosis,passed,,2026-09-27
redmimicry,RedMimicry,passed,,2026-09-27
airspacelink,Airspace Link,passed,,2026-09-27
extrahop,ExtraHop,passed,,2026-09-27
mirantis,Mirantis,passed,,2026-09-27
benzinga,Benzinga,passed,,2026-09-27
theaiwhistleblowerinitiative,The AI Whistleblower Initiative,passed,,2026-09-27
physicalsuperintelligence,Physical Superintelligence,passed,,2026-09-27
karmicksolutionspvt,Karmick Solutions Pvt Ltd,killed,G0: staffing/outsourcing wording,2026-09-27
virtual7,virtual7 GmbH,killed,language: local language required,2026-09-27
purestorage,purestorage,killed,"G3: eng roles in Bangalore, Prague",2026-09-27
planetlabs,planetlabs,killed,language: local language required,2026-09-27
camunda,Camunda,killed,language: local language required,2026-09-27
future,Future PLC,passed,,2026-09-27
remoteclose,Remote Close,passed,,2026-09-27
sentilink,SentiLink,passed,,2026-09-27
circleci,CircleCI,passed,,2026-09-27
jfrog,JFrog,passed,,2026-09-27
mural,Mural,passed,,2026-09-27
phantom,Phantom,passed,,2026-09-27
vclusterlabs,vCluster Labs,passed,,2026-09-27
railway,Railway,passed,,2026-09-27
eggai,EggAI,passed,,2026-09-27
runway,Runway,passed,,2026-09-27
starbridge,Starbridge,passed,,2026-09-27
teamsnap,TeamSnap,passed,,2026-09-27
harmonic,Harmonic,passed,,2026-09-27
coder,Coder,passed,,2026-09-27
rerun,Rerun,passed,,2026-09-27
nucsai,Nucs AI,passed,,2026-09-27
fastly,Fastly,passed,,2026-09-27
supabase,Supabase,passed,,2026-09-27
enveritas,Enveritas,passed,,2026-09-27
brilliantorg,Brilliant.org,passed,,2026-09-27
ohr,Ohr,passed,,2026-09-27
workhero,WorkHero,passed,,2026-09-27
spade,Spade,passed,,2026-09-27
colonist,Colonist,passed,,2026-09-27
3cdigitalsolutions,3C Digital Solutions,passed,,2026-09-27
mattermost,Mattermost,passed,,2026-09-27
chronograph,Chronograph,passed,,2026-09-27
productgenius,Product Genius,passed,,2026-09-27
categorylabs,Category Labs,passed,,2026-09-27
metycle,Metycle,killed,on-site only (own ATS),2026-09-27
spiich,Spiich,killed,no ATS and weak signal,2026-09-27
mika,mika,killed,no ATS and weak signal,2026-09-27
lightspring,Lightspring,killed,no ATS and weak signal,2026-09-27
replynext,Reply Next,killed,no ATS and weak signal,2026-09-27
stasher,Stasher,killed,no ATS and weak signal,2026-09-27
dmi,DMI,killed,G1: stack .NET/C#,2026-09-27
caseware,CaseWare,killed,G1: stack Angular/Java,2026-09-27
jointresearchanddevelopment,"Joint Research and Development , Inc",killed,G1: stack Java/.NET/C#/Angular,2026-09-27
sezzle,Sezzle,killed,"G3: eng roles in India, Poland",2026-09-27
expleo,Expleo,killed,G1: stack PHP,2026-09-27
kadince,Kadince,killed,G1: stack Ruby,2026-09-27
blackpenrecruitment,Black Pen Recruitment,killed,G0: staffing/outsourcing wording,2026-09-27
sourcecodestaffing,Source Code Staffing,killed,G0: staffing/outsourcing wording,2026-09-27
medconomy,Medconomy GmbH,killed,language: local language required,2026-09-27
twikey,Twikey,killed,G1: stack Java,2026-09-27
reddit,Reddit,killed,"G5: too big (150 open roles, 67 eng)",2026-09-27
dremio,Dremio,killed,G0: staffing/outsourcing wording,2026-09-27
pinterest,Pinterest,killed,"G5: too big (153 open roles, 39 eng)",2026-09-27
edfinity,Edfinity,killed,G1: stack Ruby,2026-09-27
samsara,Samsara,killed,"G3: eng roles in Bengaluru, Poland",2026-09-27
faire,Faire,killed,"G5: too big (76 open roles, 30 eng)",2026-09-27
datadog,Datadog,killed,"G5: too big (449 open roles, 36 eng)",2026-09-27
discord,Discord,killed,"G5: too big (49 open roles, 30 eng)",2026-09-27
branch,Branch,killed,G1: stack Java,2026-09-27
sierra,Sierra,killed,"G5: too big (207 open roles, 47 eng)",2026-09-27
salesloft,Salesloft,killed,G3: eng roles in Bangalore,2026-09-27
cloudgeometry,CloudGeometry,killed,G1: stack .NET/C#,2026-09-27
optimizeegroup,Optimizee Group,killed,G1: stack PHP,2026-09-27
locationlahorepakistan,"Location: Lahore, Pakistan",killed,G1: stack PHP/Ruby,2026-09-27
supero,Supero,killed,G3: eng roles in Bengaluru,2026-09-27
livekit,LiveKit,killed,G3: eng roles in India,2026-09-27
apexdentalpartners,Apex Dental Partners,killed,G1: stack .NET/C#/Ruby,2026-09-27
natera,Natera,killed,"G5: too big (193 open roles, 8 eng)",2026-09-27
oscilar,Oscilar.com,killed,G3: eng roles in Poland,2026-09-27
axmed,Axmed,killed,G3: eng roles in Poland,2026-09-27
netbird,NetBird,killed,G0: staffing/outsourcing wording,2026-09-27
serpapi,SerpApi,killed,G1: stack Ruby/.NET/C#/PHP,2026-09-27
flixtrain,FlixTrain,killed,language: local language required,2026-09-27
areo,AREO,killed,G1: stack Ruby,2026-09-27
ashby,Ashby,killed,"G5: too big (66 open roles, 15 eng)",2026-09-27
oklo,Oklo,killed,"G5: too big (83 open roles, 5 eng)",2026-09-27
pomelocare,Pomelo Care,killed,"G5: too big (74 open roles, 3 eng)",2026-09-27
vistulo,Vistulo,killed,G3: eng roles in Poland,2026-09-27
stream,Stream,killed,G3: eng roles in Skopje,2026-09-27
noricum,Noricum,killed,G1: stack Ruby,2026-09-27
astronomer,Astronomer,killed,G3: eng roles in Hyderabad,2026-09-27
odin,Odin,passed,,2026-09-27
infohawk,InfoHawk,passed,,2026-09-27
bossiq,BOSS-IQ,passed,,2026-09-27
plantingspace,PlantingSpace,passed,,2026-09-27
primo,Primo,passed,,2026-09-27
deeteranalytics,Deeter Analytics,passed,,2026-09-27
akkio,Akkio,passed,,2026-09-27
greatquestion,Great Question,passed,,2026-09-27
wellbeseniormedical,WellBe Senior Medical,passed,,2026-09-27
source,Source,passed,,2026-09-27
mingla,Mingla,passed,,2026-09-27
enrollment123,Enrollment123,passed,,2026-09-27
steuartnutrition,STEUART NUTRITION,passed,,2026-09-27
trackitforward,Track it Forward,passed,,2026-09-27
lucia,Lucia,passed,,2026-09-27
matchafm,Matcha.fm,passed,,2026-09-27
lokker,Lokker.com,passed,,2026-09-27
cloro,cloro,passed,,2026-09-27
seeq,Seeq,passed,,2026-09-27
deya,Deya,passed,,2026-09-27
odyssey,Odyssey,passed,,2026-09-27
puma,Puma.tech,passed,,2026-09-27
amplifyrenewables,Amplify Renewables,passed,,2026-09-27
chariotclaims,Chariot Claims,passed,,2026-09-27
posthog,PostHog,passed,,2026-09-27
leadswe,Lead SWE,passed,,2026-09-27
snout,Snout,passed,,2026-09-27
modash,Modash.io,passed,,2026-09-27
adventuretravel365,Adventure Travel 365,passed,,2026-09-27
mantech,ManTech,passed,,2026-09-27
iwconnect,IWConnect,killed,G0: agency/consultancy (own description),2026-09-27
acuity,"Acuity, Inc",killed,G0: agency/consultancy (own description),2026-09-27
thehivecareers,thehivecareers.co,killed,G0: staffing/outsourcing wording,2026-09-27
catalystwayfareai,Catalyst·Wayfare AI,killed,G0: agency/consultancy (own description),2026-09-27
openrent,OpenRent,killed,G0: agency/consultancy (own description),2026-09-27
estuary,Estuary,killed,product is infrastructure/devtools/security,2026-09-27
valkyrieaero,Valkyrie Aero,killed,revenue from government/insurers (own description),2026-09-27
aimi,AiMi,killed,product is infrastructure/devtools/security,2026-09-27
confidolegal,Confido Legal,killed,product is infrastructure/devtools/security,2026-09-27
victoriametrics,VictoriaMetrics,killed,product is infrastructure/devtools/security,2026-09-27
prophettown,Prophet Town LLC,killed,G0: agency/consultancy (own description),2026-09-27
mastra,Mastra,killed,product is infrastructure/devtools/security,2026-09-27
senzing,Senzing,killed,product is infrastructure/devtools/security,2026-09-27
checkly,Checkly,killed,product is infrastructure/devtools/security,2026-09-27
betterstack,Better Stack,killed,product is infrastructure/devtools/security,2026-09-27
statecraft,Statecraft,killed,G0: agency/consultancy (own description),2026-09-27
stjudechildrensresearchhospital,St. Jude Children's Research Hospital,killed,not a product company (university/public body/bank),2026-09-27
thisdotlabs,This Dot Labs,killed,G0: agency/consultancy (own description),2026-09-27
pagelove,Pagelove,killed,product is infrastructure/devtools/security,2026-09-27
chainsecurity,ChainSecurity,killed,product is infrastructure/devtools/security,2026-09-27
newtwen,Newtwen,killed,product is infrastructure/devtools/security,2026-09-27
spacelift,Spacelift,killed,product is infrastructure/devtools/security,2026-09-27
astoriaai,Astoria AI,killed,product is infrastructure/devtools/security,2026-09-27
inferra,Inferra,killed,G0: agency/consultancy (own description),2026-09-27
govstar,GovStar,killed,revenue from government/insurers (own description),2026-09-27
wikimediafoundation,Wikimedia Foundation,killed,not a product company (university/public body/bank),2026-09-27
cyberatlas,CyberAtlas,killed,product is infrastructure/devtools/security,2026-09-27
yeet,yeet,killed,product is infrastructure/devtools/security,2026-09-27
quill,Quill,killed,product is infrastructure/devtools/security,2026-09-27
