"rank","collected_on","company","score","icp_hint","offer_hint","trigger_date","trigger","trigger_url","other_signals","ats_url","eng_roles_open","oldest_eng_role_days","remote","stack_seen","stack_red_flags","eng_locations","integration_wording","to_verify"
"1","2026-09-27","Hexa","11","2A?","AI-фіча з інтеграціями","2026-09-26","job: Forward Deployed Engineer","https://www.arbeitnow.ch/jobs/companies/hexa/remote-forward-deployed-engineer-48525","2026-09-26 job: Forward Deployed Engineer","https://jobs.ashbyhq.com/hexa","3","82","yes","AWS, Next.js, Node, React, Terraform, TypeScript","","Paris; Remote","yes","website, size, ownership (G2), who pays (G0b), named tech contact (G6)"
"2","2026-09-27","Thatch","10","1?","пакет доказів безпеки","2026-09-26","job: Software Engineer: Infrastructure","https://himalayas.app/companies/thatch/jobs/software-engineer-infrastructure-9409287503","","https://boards.greenhouse.io/thatch","4","232","yes","Python, React, Terraform","Ruby","Remote (US); Remote (US); San Francisco, California, United States; United States","yes","website, size, ownership (G2), who pays (G0b), named tech contact (G6)"
"3","2026-09-27","Powerprozesse","4","1?","пакет конекторів","2026-09-26","job: Fullstack-Developer (100% Remote)","https://himalayas.app/companies/powerprozesse/jobs/fullstack-developer-100-remote","","","1","","yes","React, TypeScript","","","yes","website, size, ownership (G2), who pays (G0b), named tech contact (G6)"
"4","2026-09-27","Interoperability Framework","3","2A?","пакет конекторів","","cms: CMS pledge: conversational-ai-assistants","https://www.cms.gov/health-tech-ecosystem/early-adopters/conversational-ai-assistants","cms: CMS pledge: kill-the-clipboard | cms: CMS pledge: diabetes-obesity","","0","","no","","","","no","website, size, ownership (G2), who pays (G0b), named tech contact (G6)"
"5","2026-09-27","KPI Solutions","3","2A?","пакет конекторів","2026-09-19","job: Software Deployment Engineer","https://remoteOK.com/remote-jobs/remote-software-deployment-engineer-kpi-solutions-1137408","","","1","","yes","","","Cincinnati","yes","website, size, ownership (G2), who pays (G0b), named tech contact (G6)"
"6","2026-09-27","Arango","3","2A?","AI-фіча з інтеграціями","2026-09-16","job: Golang Kubernetes Engineer","https://remoteOK.com/remote-jobs/remote-golang-kubernetes-engineer-arango-1137400","","","1","","yes","Go, Kubernetes","","","no","website, size, ownership (G2), who pays (G0b), named tech contact (G6)"
"7","2026-09-27","Harbor","3","2A?","пакет конекторів","2026-08-20","job: Consultant Implementation Engineer","https://remoteOK.com/remote-jobs/remote-consultant-implementation-engineer-harbor-1136987","","","1","","yes","","","Remote","yes","website, size, ownership (G2), who pays (G0b), named tech contact (G6)"
"8","2026-09-27","DoiT International","3","2A?","AI-фіча з інтеграціями","2026-09-26","job: Principal Technical Product Owner - DoiT Partner Platform","https://himalayas.app/companies/doit-international/jobs/principal-technical-product-owner-doit-partner-platform-1426349218","","","1","","yes","AWS, Kubernetes","","Ireland","no","website, size, ownership (G2), who pays (G0b), named tech contact (G6)"
"9","2026-09-27","teccle group GmbH","3","2A?","пакет конекторів","2026-09-26","job: Senior Data Engineer & Consultant (all genders) – Microsoft Fabric","https://www.arbeitnow.com/jobs/companies/teccle-group-gmbh/remote-senior-data-engineer-consultant-all-genders-microsoft-fabric-berlin-191205","","","1","","yes","Python","","Homeoffice","yes","website, size, ownership (G2), who pays (G0b), named tech contact (G6)"
"10","2026-09-27","Parity","3","2A?","пакет конекторів","2026-09-26","job: Senior Security Engineer - Remote","https://www.arbeitnow.ch/jobs/companies/parity/senior-security-engineer-remote-36825","","https://jobs.ashbyhq.com/parity","1","40","yes","","","Remote","no","website, size, ownership (G2), who pays (G0b), named tech contact (G6)"
"11","2026-09-27","Xm","3","2A?","пакет доказів безпеки","2026-09-26","job: Software Development Engineers in Test (Python)","https://www.arbeitnow.ch/jobs/companies/xm/remote-software-development-engineers-in-test-python-101930","2026-09-26 job: Site Reliability Engineers (SRE) | 2026-09-26 job: QA Software Test Automation Engineers (Java)","","3","","yes","AWS, Kubernetes, Python, Terraform","Java","Remote","no","website, size, ownership (G2), who pays (G0b), named tech contact (G6)"
"12","2026-09-27","Harper","2","1?","пакет конекторів","2026-09-11","job: Engineering Manager TLM Platform","https://remoteOK.com/remote-jobs/remote-engineering-manager-tlm-platform-harper-1137380","","","1","","yes","AWS, Kubernetes","","San Francisco","no","website, size, ownership (G2), who pays (G0b), named tech contact (G6)"
"13","2026-09-27","Salesforge","2","2A?","AI-фіча з інтеграціями","2026-08-25","job: Senior Backend Engineer Build AI Agents","https://remoteOK.com/remote-jobs/remote-senior-backend-engineer-build-ai-agents-salesforge-1137114","","","1","","yes","","","","no","website, size, ownership (G2), who pays (G0b), named tech contact (G6)"
"14","2026-09-27","Crystalia Glass LLC","2","2A?","пакет доказів безпеки","2026-08-12","job: Engineer Estimator","https://remoteOK.com/remote-jobs/remote-engineer-estimator-crystalia-glass-llc-1136878","","","1","","yes","","","Bishkek, Bishkek, Bishkek City, Kyrgyzstan","no","website, size, ownership (G2), who pays (G0b), named tech contact (G6)"
"15","2026-09-27","Sophie's Flats Inc","2","1?","пакет доказів безпеки","2026-08-05","job: Architectural Designer","https://remoteOK.com/remote-jobs/remote-architectural-designer-sophies-flats-inc-1136192","","","1","","yes","","","Toronto, ","no","website, size, ownership (G2), who pays (G0b), named tech contact (G6)"
"16","2026-09-27","MDOTM","2","1?","пакет конекторів","2026-09-26","job: DevOps Engineer","https://himalayas.app/companies/mdotm/jobs/devops-engineer","","","1","","yes","AWS, Kubernetes, Python, Terraform","Java","","no","website, size, ownership (G2), who pays (G0b), named tech contact (G6)"
"17","2026-09-27","Ethereum Community Fund","2","1?","пакет конекторів","2026-09-26","job: Front-end Developer","https://himalayas.app/companies/ethereum-community-fund/jobs/front-end-developer","","","1","","yes","Next.js, React, TypeScript","","Switzerland","no","website, size, ownership (G2), who pays (G0b), named tech contact (G6)"
"18","2026-09-27","Infoplus Technologies","2","2A?","пакет конекторів","2026-09-26","job: DevOps Engineer","https://himalayas.app/companies/infoplus-technologies/jobs/devops-engineer","","","1","","yes","Python, Terraform","","Netherlands","no","website, size, ownership (G2), who pays (G0b), named tech contact (G6)"
"19","2026-09-27","Contabo","2","2A?","пакет конекторів","2026-09-26","job: Senior Software Developer – Platform & Infrastructure Engineering (all genders)","https://www.arbeitnow.com/jobs/companies/contabo/remote-senior-software-developer-platform-infrastructure-engineering-all-genders-160244","2026-09-26 job: Senior Network Engineer (all genders)","","2","","yes","Kubernetes, Node, Python, Terraform","Java","Remote (Germany)","no","website, size, ownership (G2), who pays (G0b), named tech contact (G6)"
"20","2026-09-27","Prenosis","1","1?","пакет конекторів","2026-09-23","job: Software Engineer","https://remoteOK.com/remote-jobs/remote-software-engineer-prenosis-1137427","","","1","","yes","","","","no","website, size, ownership (G2), who pays (G0b), named tech contact (G6)"
"21","2026-09-27","RedMimicry","1","2A?","пакет конекторів","2026-09-22","job: Software Developer Security Analytics","https://remoteOK.com/remote-jobs/remote-software-developer-security-analytics-redmimicry-1137417","","","1","","yes","","","","no","website, size, ownership (G2), who pays (G0b), named tech contact (G6)"
"22","2026-09-27","Airspace Link","1","2A?","пакет конекторів","2026-09-19","job: Backend Software Engineer","https://remoteOK.com/remote-jobs/remote-backend-software-engineer-airspace-link-1137409","","","1","","yes","","","","no","website, size, ownership (G2), who pays (G0b), named tech contact (G6)"
"23","2026-09-27","ExtraHop","1","2A?","пакет конекторів","2026-09-15","job: Sr Solutions Architect","https://remoteOK.com/remote-jobs/remote-sr-solutions-architect-extrahop-1137394","","","1","","yes","Python","","Remote","no","website, size, ownership (G2), who pays (G0b), named tech contact (G6)"
"24","2026-09-27","Mirantis","1","2A?","пакет конекторів","2026-09-12","job: Software Engineer","https://remoteOK.com/remote-jobs/remote-software-engineer-mirantis-1137387","","","1","","yes","Kubernetes","","","no","website, size, ownership (G2), who pays (G0b), named tech contact (G6)"
"25","2026-09-27","Benzinga","1","2A?","пакет конекторів","2026-08-30","job: AI Engineer Data APIs","https://remoteOK.com/remote-jobs/remote-ai-engineer-data-apis-benzinga-1137224","","","1","","yes","","","","no","website, size, ownership (G2), who pays (G0b), named tech contact (G6)"
"26","2026-09-27","The AI Whistleblower Initiative","1","2A?","пакет конекторів","2026-08-27","job: Principal Engineer","https://remoteOK.com/remote-jobs/remote-principal-engineer-the-ai-whistleblower-initiative-1137162","","","1","","yes","","","","no","website, size, ownership (G2), who pays (G0b), named tech contact (G6)"
"27","2026-09-27","Physical Superintelligence","1","2A?","пакет конекторів","2026-08-16","job: Member of Technical Staff Engineering","https://remoteOK.com/remote-jobs/remote-member-of-technical-staff-engineering-physical-superintelligence-1136798","","","1","","yes","","","Boston","no","website, size, ownership (G2), who pays (G0b), named tech contact (G6)"
