"rank","collected_on","company","score","icp_hint","offer_hint","trigger_date","trigger","trigger_url","other_signals","ats_url","eng_roles_open","oldest_eng_role_days","remote","stack_seen","stack_red_flags","eng_locations","integration_wording","to_verify","website"
"1","2026-09-27","Future PLC","11","1?","AI-фіча з інтеграціями","2026-09-26","job: Staff Backend Engineer","https://jobicy.com/jobs/151706-staff-backend-engineer","2026-09-26 job: Lead Android Engineer | 2026-09-26 job: Applied AI Engineer","https://boards.greenhouse.io/future","4","212","yes","AWS, Python, Terraform","","Remote ; USA","yes","website, size, ownership (G2), who pays (G0b), named tech contact (G6)",""
"2","2026-09-27","Remote Close","11","1?","AI-фіча з інтеграціями","2026-09-08","job: HN Who is hiring: Senior/Staff Backend Engineer, Backend Platform | Full-time","https://news.ycombinator.com/item?id=49615973","","https://jobs.ashbyhq.com/close","6","625","yes","AWS, FastAPI, Kubernetes, Python, React, Terraform, TypeScript","","Senior/Staff Backend Engineer, Backend Platform | Full-time; USA - Remote","yes","size, ownership (G2), who pays (G0b), named tech contact (G6)","https://close.com"
"3","2026-09-27","SentiLink","11","1?","AI-фіча з інтеграціями","2026-09-02","job: HN Who is hiring: https://www.sentilink.com/ | Engineering & Data Science | REMOTE, HYBRID, and ON","https://news.ycombinator.com/item?id=49541874","","https://jobs.ashbyhq.com/sentilink","15","264","yes","AWS, Go, Kubernetes, Python, React, Terraform, TypeScript","","United States; https://www.sentilink.com/ | Engineering & Data Science | REMOTE, HYBRID, and ONSITE (USA)","yes","size, ownership (G2), who pays (G0b), named tech contact (G6)","https://sentilink.com"
"4","2026-09-27","CircleCI","10","1?","AI-фіча з інтеграціями","2026-09-19","job: Software Engineer","https://weworkremotely.com/remote-jobs/circleci-software-engineer","2026-08-31 job: Senior Software Engineer","https://boards.greenhouse.io/circleci","3","215","yes","React, TypeScript","","Canada (Remote), United States (Remote); Canada (Remote), United States (Remote), United Kingdom (Remote)","yes","website, size, ownership (G2), who pays (G0b), named tech contact (G6)",""
"5","2026-09-27","JFrog","10","1?","AI-фіча з інтеграціями","2026-09-08","job: Senior Professional Services DevOps Engineer","https://weworkremotely.com/remote-jobs/jfrog-senior-professional-services-devops-engineer","2026-09-08 job: Professional Services DevOps Engineer","https://boards.greenhouse.io/jfrog","9","292","yes","AWS, Kubernetes, Node, Python, React, TypeScript",".NET/C#, Angular, Java","Atlanta; Remote, Canada; Remote, US; Tel Aviv/ Netanya, Israel","yes","website, size, ownership (G2), who pays (G0b), named tech contact (G6)",""
"6","2026-09-27","Mural","10","1?","AI-фіча з інтеграціями","2026-09-26","job: Staff Backend Engineer, AI Systems","https://jobicy.com/jobs/151711-staff-backend-engineer-ai-systems","2026-09-26 job: Senior Software Engineer, Growth | 2026-09-26 job: Senior Software Engineer, Canvas Core","https://jobs.ashbyhq.com/mural","6","157","yes","Go, Kubernetes, Node, Python, React, Terraform, TypeScript","","Argentina; Argentina Remote; Argentina,  Canada,  UK; Canada Remote","yes","website, size, ownership (G2), who pays (G0b), named tech contact (G6)",""
"7","2026-09-27","Phantom","10","1?","пакет доказів безпеки","2026-09-25","job: Staff Engineer, Full Stack (Trust, Safety & Risk)","https://jobicy.com/jobs/154084-staff-engineer-full-stack-trust-safety-risk","2026-09-25 job: Senior Software Engineer, Backend (Money Movement)","https://jobs.ashbyhq.com/phantom","7","459","yes","AWS, Kubernetes, NestJS, Node, Python, React, Terraform, TypeScript","Java, Ruby","Anywhere; EMEA,  LATAM,  Canada,  USA; Remote","yes","website, size, ownership (G2), who pays (G0b), named tech contact (G6)",""
"8","2026-09-27","vCluster Labs","10","1?","AI-фіча з інтеграціями","2026-09-03","job: HN Who is hiring: Multiple Engineering Roles | REMOTE (US, Canada, Europe) | Full-time","https://news.ycombinator.com/item?id=49555567","","https://jobs.ashbyhq.com/vclusterlabs","5","181","yes","Go, Kubernetes, Node, Python","","Germany; Multiple Engineering Roles | REMOTE (US, Canada, Europe) | Full-time; Remote; United States","yes","website, size, ownership (G2), who pays (G0b), named tech contact (G6)",""
"9","2026-09-27","Railway","10","1?","пакет конекторів","2026-09-01","job: HN Who is hiring: Senior Product Eng (full-stack), Brand Designer - Web, Senior Growth Marketer, S","https://news.ycombinator.com/item?id=49528608","","https://jobs.ashbyhq.com/railway","4","963","yes","AWS, Go, Node, TypeScript","","Global; Senior Product Eng (full-stack), Brand Designer - Web, Senior Growth Marketer, Senior Product Marketer, Account Executive, Scale | REMOTE (Worldwide) | https://railway.com/careers","yes","size, ownership (G2), who pays (G0b), named tech contact (G6)","https://railway.com"
"10","2026-09-27","EggAI","10","2A?","AI-фіча з інтеграціями","2026-09-01","job: HN Who is hiring: Tech leads (Platform and Software) and Platform engineers | REMOTE (EU) | Full-t","https://news.ycombinator.com/item?id=49525468","","https://boards.greenhouse.io/eggai","4","237","yes","AWS, Kubernetes, Python, Terraform, TypeScript","Ruby","EU +/- 2hrs; Tech leads (Platform and Software) and Platform engineers | REMOTE (EU) | Full-time preferred. Contract possible.","yes","website, size, ownership (G2), who pays (G0b), named tech contact (G6)",""
"11","2026-09-27","Runway","10","1?","пакет конекторів","2026-09-01","job: HN Who is hiring: Remote (see below) | Full-time | https://runway.com/","https://news.ycombinator.com/item?id=49525135","","https://jobs.ashbyhq.com/runway","4","475","yes","Kubernetes, React, TypeScript","","North America; Remote (see below) | Full-time | https://runway.com/","yes","size, ownership (G2), who pays (G0b), named tech contact (G6)","https://runway.com"
"12","2026-09-27","Starbridge","10","1?","AI-фіча з інтеграціями","2026-09-01","job: HN Who is hiring: Senior AI Engineer and Senior Product Engineer | NYC or Remote | Full-time","https://news.ycombinator.com/item?id=49523985","","https://jobs.ashbyhq.com/starbridge","2","94","yes","Python, React, TypeScript","Ruby","New York City; Senior AI Engineer and Senior Product Engineer | NYC or Remote | Full-time","yes","website, size, ownership (G2), who pays (G0b), named tech contact (G6)",""
"13","2026-09-27","TeamSnap","9","1?","пакет конекторів","2026-09-26","job: Staff Backend Engineer","https://jobicy.com/jobs/151779-staff-backend-engineer-2","2026-09-26 job: Senior Software Engineer (Backend)","https://jobs.lever.co/teamsnap","3","101","yes","Go, Node, Python, React, TypeScript","Java, Ruby","Los Angeles, CA; Remote; USA","yes","website, size, ownership (G2), who pays (G0b), named tech contact (G6)",""
"14","2026-09-27","Harmonic","9","1?","пакет конекторів","2026-09-04","job: HN Who is hiring: Technical Trainer | REMOTE (USA, East Coast based) | Full-time","https://news.ycombinator.com/item?id=49564322","","https://jobs.ashbyhq.com/harmonic","4","760","yes","AWS, Kubernetes, Python, React, TypeScript","","London; Palo Alto; Technical Trainer | REMOTE (USA, East Coast based) | Full-time","yes","website, size, ownership (G2), who pays (G0b), named tech contact (G6)",""
"15","2026-09-27","Coder","9","1?","AI-фіча з інтеграціями","2026-09-02","job: HN Who is hiring: https://coder.com/ | Multiple roles | Multiple locations","https://news.ycombinator.com/item?id=49541388","","https://jobs.ashbyhq.com/coder","8","52","yes","AWS, Kubernetes, React, Terraform, TypeScript","","Europe; United Kingdom; United States; https://coder.com/ | Multiple roles | Multiple locations","yes","size, ownership (G2), who pays (G0b), named tech contact (G6)","https://coder.com"
"16","2026-09-27","Rerun","9","1?","пакет конекторів","2026-09-02","job: HN Who is hiring: Remote | Stockholm, Sweden | Full-time","https://news.ycombinator.com/item?id=49533651","","https://jobs.ashbyhq.com/rerun","5","124","yes","AWS, Kubernetes, Python, Terraform","","Hybrid, San Francisco; Remote; Remote Europe; Remote US, West Coast","yes","website, size, ownership (G2), who pays (G0b), named tech contact (G6)",""
"17","2026-09-27","Nucs AI","8","1?","AI-фіча з інтеграціями","2026-09-27","job: Data Scientist / Data Engineer","https://himalayas.app/companies/nucs-ai/jobs/data-scientist-data-engineer","","https://nucsai.recruitee.com","5","","yes","AWS, FastAPI, Kubernetes, Python, React, Terraform, TypeScript","","Berlin, Berlin, Germany; Germany; Istanbul, İstanbul, Türkiye; Remote job","yes","website, size, ownership (G2), who pays (G0b), named tech contact (G6)",""
"18","2026-09-27","Fastly","8","1?","пакет доказів безпеки","2026-09-07","job: Senior SRE - Networks","https://weworkremotely.com/remote-jobs/fastly-senior-sre-networks","2026-09-01 job: HN Who is hiring: Software Engineers (Senior, Staff, Principal) | US, UK, EU, APAC ONSITE PREFERRE","https://boards.greenhouse.io/fastly","6","86","yes","AWS, Kubernetes, Node, Python, Terraform, TypeScript","Java, Ruby","Denver, CO; New York City, NY; San Francisco, CA; Denver, CO; San Francisco, CA; San Francisco, CA; Software Engineers (Senior, Staff, Principal) | US, UK, EU, APAC ONSITE PREFERRED | Full-time*","no","website, size, ownership (G2), who pays (G0b), named tech contact (G6)",""
"19","2026-09-27","Supabase","8","1?","пакет конекторів","2026-09-25","job: OrioleDB Developer (AMER)","https://jobicy.com/jobs/154087-orioledb-developer-amer","","https://jobs.ashbyhq.com/supabase","14","172","yes","AWS, Django, Kubernetes, Next.js, Python, React, Terraform, TypeScript","PHP, Ruby","LATAM,  Canada,  USA; Remote, AMER; Remote, Global; Remote, London UK","yes","website, size, ownership (G2), who pays (G0b), named tech contact (G6)",""
"20","2026-09-27","Enveritas","8","2A?","пакет конекторів","2026-09-02","job: HN Who is hiring: Backend Software Engineer | Remote (Global) | https://enveritas.org/jobs/","https://news.ycombinator.com/item?id=49541107","","https://boards.greenhouse.io/enveritas","1","926","yes","AWS, Django, Python, Terraform","","Backend Software Engineer | Remote (Global) | https://enveritas.org/jobs/; Global - Remote Work","no","size, ownership (G2), who pays (G0b), named tech contact (G6)","https://enveritas.org"
"21","2026-09-27","Brilliant.org","8","1?","AI-фіча з інтеграціями","2026-09-01","job: HN Who is hiring: Senior/Staff Software Engineer (Interactives) | Remote (North America), SF, NYC ","https://news.ycombinator.com/item?id=49526361","","https://jobs.lever.co/brilliant","1","102","yes","","","NYC, SF, Remote; Senior/Staff Software Engineer (Interactives) | Remote (North America), SF, NYC | Full-time","no","size, ownership (G2), who pays (G0b), named tech contact (G6)","https://brilliant.org"
"22","2026-09-27","Ohr","8","1?","AI-фіча з інтеграціями","2026-09-01","job: HN Who is hiring: Data Engineer + Software Engineer | REMOTE (US) | $140K–$200K + Equity","https://news.ycombinator.com/item?id=49525116","","https://jobs.ashbyhq.com/ohr","2","37","yes","Python, TypeScript","","Data Engineer + Software Engineer | REMOTE (US) | $140K–$200K + Equity; United States - Remote","yes","website, size, ownership (G2), who pays (G0b), named tech contact (G6)",""
"23","2026-09-27","WorkHero","8","2A?","AI-фіча з інтеграціями","2026-09-01","job: HN Who is hiring: Senior SWE, AI Automation Engr, Senior PM | REMOTE (US+INTL for eng, US for prod","https://news.ycombinator.com/item?id=49524167","","https://jobs.ashbyhq.com/workhero","2","44","yes","AWS, Node, React, Terraform, TypeScript","","Senior SWE, AI Automation Engr, Senior PM | REMOTE (US+INTL for eng, US for product & automations); USA (Remote)","yes","size, ownership (G2), who pays (G0b), named tech contact (G6)","https://workhero.pro"
"24","2026-09-27","Spade","8","1?","AI-фіча з інтеграціями","2026-09-01","job: HN Who is hiring: Multiple Engineering, AI/ML Data Science, and Revenue Roles | ONSITE NYC or REMO","https://news.ycombinator.com/item?id=49523956","","https://jobs.ashbyhq.com/spade","3","258","yes","AWS, Django, Python, React, TypeScript","","Multiple Engineering, AI/ML Data Science, and Revenue Roles | ONSITE NYC or REMOTE (US/Can) | $170-240K + equity; New York, NY; Remote (US/Canada)","no","website, size, ownership (G2), who pays (G0b), named tech contact (G6)",""
"25","2026-09-27","Colonist","7","2A?","пакет конекторів","2026-09-03","job: HN Who is hiring: Product Engineer | Full-time | Remote & async","https://news.ycombinator.com/item?id=49550510","","https://jobs.ashbyhq.com/colonist","1","332","yes","React, TypeScript","","Any Location; Product Engineer | Full-time | Remote & async","no","website, size, ownership (G2), who pays (G0b), named tech contact (G6)",""
"26","2026-09-27","3C Digital Solutions","7","2A?","AI-фіча з інтеграціями","2026-09-02","job: HN Who is hiring: Terraform Module Developer (Infrastructure as Code) | REMOTE (US) | Full-time","https://news.ycombinator.com/item?id=49530867","","https://jobs.recruitee.com","3","","yes","AWS, Node, Python, React, Terraform, TypeScript","Java, PHP, Ruby","Remote job; Terraform Module Developer (Infrastructure as Code) | REMOTE (US) | Full-time","no","size, ownership (G2), who pays (G0b), named tech contact (G6)","https://jobs.curriculo.me"
"27","2026-09-27","Mattermost","7","1?","пакет доказів безпеки","2026-09-02","job: HN Who is hiring: Remote (US and Canada) | FT | Multiple roles","https://news.ycombinator.com/item?id=49530116","","https://boards.greenhouse.io/mattermost","5","51","yes","React, TypeScript","","Ontario, Canada; Toronto, Ontario, Canada; Remote (US and Canada) | FT | Multiple roles; Toronto, Ontario, Canada; United States","yes","website, size, ownership (G2), who pays (G0b), named tech contact (G6)",""
"28","2026-09-27","Chronograph","7","1?","пакет конекторів","2026-09-01","job: HN Who is hiring: Platform Engineer | Full-Time | Remote (US)","https://news.ycombinator.com/item?id=49529957","","https://boards.greenhouse.io/chronograph","2","265","yes","AWS, Kubernetes, Node, React, Terraform, TypeScript","Ruby","Platform Engineer | Full-Time | Remote (US); Remote","no","website, size, ownership (G2), who pays (G0b), named tech contact (G6)",""
"29","2026-09-27","Product Genius","7","1?","AI-фіча з інтеграціями","2026-09-01","job: HN Who is hiring: Backend Engineer | REMOTE (US) | Full-time","https://news.ycombinator.com/item?id=49528364","","https://jobs.ashbyhq.com/productgenius","1","31","yes","Kubernetes, Python, React, Terraform, TypeScript","","Backend Engineer | REMOTE (US) | Full-time; Boston HQ","yes","website, size, ownership (G2), who pays (G0b), named tech contact (G6)",""
"30","2026-09-27","Category Labs","7","1?","пакет конекторів","2026-09-01","job: HN Who is hiring: https://www.category.xyz/ | Remote and NYC | Full Time","https://news.ycombinator.com/item?id=49524978","","https://jobs.ashbyhq.com/category-labs","1","101","yes","","","Remote; https://www.category.xyz/ | Remote and NYC | Full Time","no","size, ownership (G2), who pays (G0b), named tech contact (G6)","https://category.xyz"
